subscription_id,account_id,seats,status,mrr,started_on,ended_on
500001,574882,6,active,72.0,2025-02-20 11:17:51,
500002,561622,3,active,36.0,2024-06-09 16:53:00,
500003,952954,19,churned,456.0,2023-08-03 20:58:36,2024-04-04 20:58:36
500004,656283,35,active,840.0,2024-01-27 17:16:01,
500005,541269,9,churned,216.0,2024-06-24 23:24:02,2025-03-21 23:24:02
500006,811779,7,churned,84.0,2024-12-28 13:08:20,2025-09-23 13:08:20
500007,290620,7,past_due,84.0,2024-10-03 19:52:21,
500008,499802,7,churned,84.0,2024-01-15 12:26:04,2024-10-12 12:26:04
500009,605260,6,active,72.0,2025-02-23 13:18:21,
500010,256035,3,active,36.0,2023-11-30 18:06:46,
500011,474008,35,active,840.0,2025-03-04 12:58:50,
500012,794431,18,active,432.0,2024-08-05 10:14:44,
500013,179049,15,active,360.0,2025-04-22 08:38:10,
500014,269054,7,churned,84.0,2023-01-04 12:03:10,2023-08-22 12:03:10
500015,369202,24,active,576.0,2023-02-07 19:45:36,
500016,315012,89,active,3916.0,2025-07-26 11:42:05,
500017,280961,12,active,288.0,2023-03-26 14:50:38,
500018,210552,79,active,3476.0,2025-09-11 12:46:34,
500019,706802,28,active,672.0,2023-01-14 08:33:47,
500020,694103,3,active,36.0,2024-12-04 11:01:45,
500021,416704,7,churned,84.0,2023-02-22 04:23:57,2023-12-07 04:23:57
500022,269785,28,active,672.0,2024-07-20 14:15:14,
500023,150235,4,active,48.0,2024-03-13 13:17:57,
500024,627910,4,active,96.0,2023-07-15 14:29:21,
500025,950543,3,active,36.0,2024-03-16 07:04:04,
500026,143122,3,active,36.0,2025-09-09 17:23:15,
500027,641276,7,active,168.0,2024-09-12 19:52:03,
500028,117687,173,active,13667.0,2024-03-15 20:17:50,
500029,517368,103,active,4532.0,2023-05-19 13:12:29,
500030,943223,17,active,408.0,2024-08-28 14:31:51,
500031,813618,2,active,24.0,2025-07-28 16:32:35,
500032,372607,24,active,576.0,2025-06-30 18:54:22,
500033,661510,22,active,528.0,2025-08-29 21:12:24,
500034,930786,24,active,576.0,2023-04-28 08:57:49,
500035,779884,109,active,4796.0,2024-03-08 13:48:13,
500036,564516,29,active,696.0,2025-03-22 09:48:09,
500037,774503,5,active,60.0,2025-05-29 00:55:29,
500038,695703,6,active,72.0,2024-09-16 13:55:24,
500039,393007,3,active,36.0,2023-04-02 07:49:02,
500040,236900,16,active,384.0,2025-08-29 07:50:54,
500041,511241,9,active,108.0,2023-06-25 07:27:44,
500042,681503,5,active,60.0,2024-10-17 11:41:25,
500043,938137,31,active,744.0,2023-08-16 18:40:16,
500044,382519,13,active,156.0,2024-09-19 14:59:30,
500045,362956,4,active,48.0,2025-01-02 10:18:54,
500046,451238,32,active,768.0,2024-03-24 13:01:43,
500047,917801,87,trialing,3828.0,2023-05-30 13:46:34,
500048,695829,4,active,48.0,2023-06-20 20:27:45,
500049,802565,67,active,2948.0,2025-08-17 13:13:00,
500050,716836,8,active,96.0,2023-07-23 12:15:27,
500051,378343,23,active,552.0,2024-07-23 16:07:30,
500052,451436,3,active,36.0,2025-04-13 06:18:04,
500053,511497,38,active,912.0,2023-11-20 17:48:52,
500054,336143,2,active,24.0,2025-03-30 11:22:02,
500055,110911,3,active,36.0,2024-06-20 07:32:47,
500056,729499,17,active,408.0,2024-04-28 08:34:22,
500057,283866,72,active,3168.0,2024-06-16 09:08:15,
500058,491474,61,active,2684.0,2025-05-02 09:29:56,
500059,216101,2,active,24.0,2023-08-08 00:27:09,
500060,579749,5,active,60.0,2025-05-22 13:41:39,
500061,412093,3,trialing,36.0,2023-09-29 17:45:40,
500062,591371,11,active,264.0,2025-08-30 14:43:05,
500063,740262,5,past_due,60.0,2024-11-23 09:35:23,
500064,942582,2,active,24.0,2024-03-05 18:57:15,
500065,989345,7,active,168.0,2024-02-21 13:24:09,
500066,290736,188,active,14852.0,2024-02-06 07:47:11,
500067,486582,6,churned,72.0,2024-06-20 11:52:52,2025-11-30 11:52:52
500068,289993,22,active,528.0,2024-01-03 21:21:51,
500069,988431,3,active,36.0,2024-05-30 16:42:00,
500070,507445,29,active,696.0,2025-08-12 13:05:15,
500071,356711,42,active,1848.0,2024-05-26 09:29:00,
500072,775527,52,active,2288.0,2024-01-27 15:48:29,
500073,289034,8,churned,96.0,2024-10-11 20:55:21,2025-04-10 20:55:21
500074,485273,17,trialing,408.0,2023-03-23 16:49:43,
500075,373043,3,active,36.0,2023-11-16 09:19:34,
500076,301920,3,active,36.0,2023-11-22 14:10:22,
500077,203708,23,active,552.0,2025-05-02 08:58:18,
500078,141134,6,active,72.0,2023-03-17 16:50:59,
500079,943067,19,active,456.0,2025-01-07 15:57:46,
500080,501273,5,trialing,60.0,2024-06-04 17:52:03,
500081,526874,42,active,1008.0,2024-02-21 13:13:57,
500082,299049,8,churned,96.0,2023-02-01 09:22:30,2023-07-01 09:22:30
500083,254108,11,active,132.0,2024-04-18 18:14:32,
500084,750844,29,trialing,696.0,2025-04-29 08:00:52,
500085,810968,13,churned,312.0,2023-06-15 11:41:25,2023-09-04 11:41:25
500086,248358,23,active,552.0,2025-03-30 06:05:23,
500087,741646,33,active,792.0,2024-01-12 07:21:12,
500088,713866,30,active,720.0,2024-05-07 19:19:10,
500089,450199,8,active,96.0,2025-05-09 12:24:46,
500090,416815,24,active,576.0,2024-12-02 10:03:03,
500091,359578,5,active,60.0,2024-08-04 09:47:07,
500092,125160,7,trialing,84.0,2025-09-13 10:14:37,
500093,457960,3,active,36.0,2025-07-11 14:34:26,
500094,436381,5,active,60.0,2024-02-22 09:14:40,
500095,437273,3,active,36.0,2024-01-11 08:48:02,
500096,237570,14,active,336.0,2023-04-11 10:54:13,
500097,336415,5,trialing,60.0,2024-10-06 07:33:30,
500098,909740,10,trialing,240.0,2024-09-19 13:01:43,
500099,782825,152,active,6688.0,2023-01-17 10:09:38,
500100,225784,109,active,4796.0,2025-03-24 09:07:25,
500101,414766,5,active,60.0,2024-03-31 06:35:59,
500102,219926,77,active,3388.0,2023-04-07 11:53:24,
500103,769811,34,active,1496.0,2024-08-05 09:00:08,
500104,474120,27,active,648.0,2023-02-05 15:49:18,
500105,842629,19,churned,456.0,2023-04-30 17:23:03,2025-06-04 17:23:03
500106,145314,4,trialing,48.0,2024-12-29 08:04:28,
500107,353158,42,active,1848.0,2025-04-25 09:28:47,
500108,554320,82,active,3608.0,2023-02-13 12:30:53,
500109,678569,33,active,792.0,2024-10-19 17:19:12,
500110,301501,30,active,720.0,2023-05-31 16:08:28,
500111,858507,56,active,2464.0,2023-06-17 20:42:21,
500112,907406,3,active,36.0,2024-07-29 08:34:49,
500113,157315,3,active,36.0,2023-07-10 13:25:32,
500114,672009,48,churned,1152.0,2023-01-27 05:51:27,2023-04-13 05:51:27
500115,876324,44,trialing,1936.0,2024-05-09 14:55:35,
500116,629593,58,active,2552.0,2025-06-05 06:37:27,
500117,679825,73,active,3212.0,2023-10-18 08:36:11,
500118,626504,9,churned,108.0,2023-09-28 10:21:51,2024-12-25 10:21:51
500119,603842,6,churned,72.0,2024-02-06 06:38:05,2025-01-08 06:38:05
500120,371569,33,active,792.0,2024-07-28 09:07:19,
500121,650852,3,trialing,36.0,2023-11-30 22:52:26,
500122,852560,28,active,672.0,2023-09-17 15:01:33,
500123,450789,59,active,2596.0,2023-11-17 11:58:55,
500124,256019,27,past_due,648.0,2023-12-22 07:03:43,
500125,260118,85,active,3740.0,2025-01-15 08:30:47,
500126,713583,5,active,60.0,2023-06-01 13:24:41,
500127,911267,62,active,2728.0,2025-06-02 10:47:23,
500128,723271,23,active,552.0,2025-08-20 10:57:50,
500129,871334,9,active,108.0,2025-01-26 14:22:10,
500130,345589,34,active,816.0,2023-05-09 06:54:26,
500131,377997,12,active,288.0,2024-12-19 15:01:00,
500132,713585,7,active,84.0,2024-12-12 06:52:20,
500133,190126,5,active,60.0,2024-12-12 12:24:17,
500134,604851,3,past_due,36.0,2025-08-20 15:41:02,
500135,248542,3,active,36.0,2025-02-06 23:40:53,
500136,508782,6,active,72.0,2023-12-09 02:36:05,
500137,393362,25,active,600.0,2023-08-01 09:27:52,
500138,334270,64,active,2816.0,2023-09-07 14:58:29,
500139,647019,34,active,816.0,2024-08-08 11:59:39,
500140,213004,7,active,84.0,2024-02-15 07:58:22,
500141,142260,134,active,5896.0,2023-10-10 09:51:14,
500142,102220,12,active,288.0,2025-05-06 09:24:35,
500143,973987,2,active,24.0,2024-11-16 13:45:11,
500144,288150,14,active,336.0,2025-02-12 16:56:34,
500145,431016,3,trialing,36.0,2025-09-02 16:15:06,
500146,400614,7,churned,84.0,2025-09-21 07:11:04,2025-12-12 07:11:04
500147,237614,25,churned,600.0,2024-06-01 17:16:46,2025-09-10 17:16:46
500148,488220,10,active,240.0,2025-02-21 17:47:51,
500149,830784,22,past_due,528.0,2024-09-28 15:50:43,
500150,377902,90,active,3960.0,2023-01-10 13:24:26,
500151,775696,5,active,60.0,2024-02-01 15:40:40,
500152,200830,22,active,528.0,2023-08-03 12:48:25,
500153,135223,6,churned,72.0,2023-11-25 10:17:58,2025-03-21 10:17:58
500154,304212,7,past_due,84.0,2023-02-28 08:41:30,
500155,837734,49,active,1176.0,2025-09-23 08:11:08,
500156,265989,4,active,48.0,2024-08-01 17:50:53,
500157,223459,7,active,84.0,2025-06-27 08:57:25,
500158,387432,20,active,480.0,2025-09-15 10:35:00,
500159,783281,3,active,36.0,2024-05-02 21:23:15,
500160,961826,6,active,72.0,2024-02-19 10:12:48,
500161,558269,190,churned,15010.0,2024-02-03 09:55:39,2025-11-29 09:55:39
500162,493074,5,active,60.0,2023-02-02 13:04:34,
500163,946742,5,active,60.0,2024-10-10 07:59:55,
500164,271695,4,active,48.0,2023-11-17 10:45:20,
500165,727732,4,active,48.0,2025-05-23 10:53:24,
500166,116787,15,active,360.0,2025-08-16 15:36:51,
500167,110840,64,active,2816.0,2024-01-25 11:07:52,
500168,622939,21,active,504.0,2025-01-07 12:03:52,
500169,430826,102,active,4488.0,2025-09-08 07:43:42,
500170,839821,25,active,600.0,2025-08-12 16:27:42,
500171,885767,12,active,288.0,2024-12-21 09:21:16,
500172,540498,29,active,696.0,2023-10-16 10:50:29,
500173,441926,5,past_due,60.0,2024-05-17 17:29:02,
500174,445354,6,active,72.0,2024-08-15 12:51:42,
500175,453260,21,active,504.0,2023-09-04 13:11:42,
500176,178553,3,active,36.0,2024-05-10 10:15:40,
500177,402163,5,active,60.0,2024-05-30 17:37:56,
500178,242844,45,active,1980.0,2023-04-04 23:08:21,
500179,288393,16,churned,384.0,2023-11-09 15:28:41,2024-08-17 15:28:41
500180,925364,26,active,624.0,2025-06-17 13:36:48,
500181,938205,11,active,132.0,2025-02-07 21:47:02,
500182,644475,5,active,60.0,2023-05-27 15:20:34,
500183,661655,5,past_due,60.0,2023-03-27 11:20:52,
500184,877086,22,active,528.0,2025-07-20 07:55:37,
500185,831195,39,active,936.0,2023-05-27 13:31:59,
500186,441439,6,trialing,72.0,2025-02-06 11:40:39,
500187,877896,6,churned,72.0,2023-12-20 04:58:53,2025-10-04 04:58:53
500188,200323,11,active,132.0,2023-11-08 05:15:16,
500189,269978,21,active,504.0,2023-03-12 04:28:59,
500190,430738,4,active,48.0,2023-07-02 14:08:45,
500191,490866,15,churned,360.0,2023-03-19 11:09:11,2023-10-09 11:09:11
500192,345955,16,trialing,384.0,2023-11-29 16:10:57,
500193,321951,3,active,36.0,2023-05-14 09:06:26,
500194,248669,9,active,108.0,2023-09-14 13:55:09,
500195,619919,2,active,24.0,2024-12-07 10:41:46,
500196,967279,9,active,108.0,2024-05-06 11:26:45,
500197,722460,5,active,60.0,2023-09-03 13:15:51,
500198,993977,4,active,48.0,2025-02-17 09:16:52,
500199,969635,8,past_due,96.0,2025-04-16 00:56:02,
500200,218565,4,churned,48.0,2023-11-12 16:16:07,2024-10-28 16:16:07
500201,761986,77,active,3388.0,2024-03-26 07:40:13,
500202,149920,4,active,48.0,2024-04-20 10:16:38,
500203,685576,11,active,264.0,2025-07-20 11:48:05,
500204,245218,35,active,1540.0,2024-03-08 15:44:50,
500205,679023,3,active,36.0,2024-06-25 16:50:00,
500206,547854,16,active,384.0,2024-07-09 11:11:20,
500207,280156,31,active,744.0,2023-11-30 12:23:22,
500208,298901,5,active,60.0,2024-06-04 04:17:45,
500209,699272,7,churned,84.0,2023-06-18 11:19:25,2025-09-22 11:19:25
500210,282693,3,active,36.0,2025-02-08 07:28:59,
500211,992229,61,active,2684.0,2024-11-04 14:02:59,
500212,143805,22,trialing,528.0,2025-05-04 15:55:59,
500213,914996,30,active,720.0,2024-05-11 08:23:40,
500214,448227,33,active,792.0,2025-06-09 12:54:27,
500215,552380,37,active,1628.0,2024-04-18 07:34:21,
500216,662023,10,active,120.0,2023-06-27 16:42:27,
500217,610566,14,active,336.0,2025-04-01 11:05:45,
500218,199248,92,active,4048.0,2025-08-22 13:02:39,
500219,358134,23,active,1012.0,2023-07-21 19:50:15,
500220,897529,2,active,24.0,2024-09-20 09:56:52,
500221,243998,3,churned,36.0,2024-08-23 14:40:22,2025-01-07 14:40:22
500222,171014,3,active,36.0,2025-02-04 06:52:38,
500223,870271,5,active,60.0,2023-02-24 11:40:17,
500224,617646,14,active,336.0,2023-02-26 12:28:50,
500225,314260,52,active,2288.0,2025-05-20 08:49:17,
500226,241202,42,active,1008.0,2024-04-29 12:06:25,
500227,504080,6,trialing,72.0,2023-02-16 16:15:07,
500228,868446,32,active,768.0,2024-10-01 09:00:04,
500229,194356,3,active,36.0,2025-08-23 13:15:28,
500230,563161,26,active,624.0,2024-12-10 07:07:11,
500231,398032,3,active,36.0,2025-09-22 15:49:23,
500232,116626,83,trialing,3652.0,2024-01-15 12:20:00,
500233,790366,3,active,36.0,2024-12-15 10:49:05,
500234,221718,4,active,48.0,2023-10-14 16:18:58,
500235,540233,2,active,24.0,2023-07-04 16:57:14,
500236,523028,5,trialing,60.0,2025-02-07 09:34:40,
500237,234922,69,active,3036.0,2025-09-25 09:05:29,
500238,216067,14,active,336.0,2025-03-21 13:26:29,
500239,205373,35,past_due,1540.0,2023-08-05 08:54:53,
500240,443384,7,active,84.0,2023-01-27 14:03:05,
500241,919974,64,active,2816.0,2023-09-11 07:55:56,
500242,466636,11,trialing,132.0,2024-04-04 17:43:26,
500243,309198,3,active,36.0,2025-05-26 15:54:37,
500244,514217,30,active,720.0,2025-07-27 10:40:54,
500245,931016,11,active,264.0,2023-06-13 07:14:32,
500246,861024,35,churned,840.0,2024-05-06 19:26:10,2024-09-05 19:26:10
500247,404631,14,active,336.0,2024-08-15 10:52:27,
500248,399159,8,active,192.0,2025-06-17 16:01:47,
500249,843432,2,past_due,24.0,2023-01-10 06:07:31,
500250,427620,30,churned,720.0,2024-11-01 14:15:21,2025-03-18 14:15:21
500251,218019,6,active,72.0,2025-01-23 17:58:25,
500252,866791,3,active,36.0,2024-02-03 10:57:32,
500253,705867,90,trialing,3960.0,2023-09-23 08:27:47,
500254,988184,38,active,1672.0,2025-07-11 18:22:39,
500255,548818,17,active,408.0,2025-07-28 11:48:56,
500256,291292,23,active,552.0,2024-01-17 14:36:21,
500257,689717,4,active,48.0,2024-10-26 11:32:53,
500258,899024,6,active,72.0,2023-11-29 14:30:52,
500259,854166,22,active,528.0,2024-06-04 08:38:36,
500260,930679,5,past_due,60.0,2024-08-12 15:26:30,
500261,861107,23,active,552.0,2023-03-21 18:26:25,
500262,511470,97,trialing,4268.0,2024-01-20 13:05:57,
500263,449270,8,active,96.0,2023-08-19 15:56:31,
500264,133440,7,churned,84.0,2023-10-30 07:52:17,2025-10-31 07:52:17
500265,205204,11,active,132.0,2024-11-14 08:57:31,
500266,493447,52,active,2288.0,2023-05-06 12:51:11,
500267,423101,105,active,4620.0,2024-08-06 15:49:55,
500268,350292,8,active,96.0,2023-04-12 05:34:58,
500269,863338,17,churned,408.0,2025-06-14 15:05:34,2025-09-26 15:05:34
500270,641328,2,active,24.0,2024-11-19 16:56:32,
500271,166599,29,active,696.0,2023-08-05 15:45:36,
500272,969783,25,active,600.0,2025-08-15 14:05:23,
500273,768193,29,active,696.0,2025-04-07 13:11:32,
500274,968396,6,active,72.0,2023-10-10 17:40:07,
500275,441792,30,active,720.0,2023-09-06 09:30:02,
500276,331536,5,churned,60.0,2024-10-26 13:14:46,2025-01-23 13:14:46
500277,912127,41,active,1804.0,2025-05-03 22:54:19,
500278,358368,4,active,48.0,2023-06-21 10:01:45,
500279,749734,5,trialing,60.0,2024-05-24 10:20:22,
500280,847327,34,active,816.0,2023-03-09 11:24:19,
500281,201117,30,active,720.0,2024-09-14 17:27:52,
500282,119663,77,active,3388.0,2025-03-06 13:34:53,
500283,792694,45,active,1080.0,2025-04-23 11:25:28,
500284,992844,12,active,288.0,2024-06-17 10:33:17,
500285,278618,27,churned,648.0,2023-08-24 10:55:11,2024-08-01 10:55:11
500286,544253,11,active,132.0,2025-05-21 18:58:14,
500287,592127,3,past_due,36.0,2024-09-12 08:59:48,
500288,260444,32,active,768.0,2024-02-24 18:58:27,
500289,961918,4,active,48.0,2023-08-17 14:56:04,
500290,724051,13,churned,312.0,2023-04-26 15:10:34,2025-03-21 15:10:34
500291,409157,5,trialing,60.0,2025-01-09 17:01:50,
500292,575382,34,active,816.0,2025-08-13 13:38:22,
500293,751178,48,active,2112.0,2024-08-20 08:10:18,
500294,301959,37,active,888.0,2023-01-12 09:23:40,
500295,591895,9,active,108.0,2024-08-03 16:17:34,
500296,555768,25,active,600.0,2023-08-08 15:57:36,
500297,675202,287,active,22673.0,2024-12-19 15:07:55,
500298,104172,2,active,24.0,2025-07-30 22:50:24,
500299,823165,6,past_due,72.0,2025-03-08 09:33:55,
500300,790797,2,active,24.0,2024-10-03 08:32:39,
500301,513477,33,active,792.0,2024-08-12 16:30:27,
500302,211963,19,churned,456.0,2023-07-18 11:05:21,2025-09-04 11:05:21
500303,380284,120,trialing,5280.0,2024-04-10 11:35:05,
500304,177009,2,churned,24.0,2024-08-29 06:49:28,2025-09-20 06:49:28
500305,301631,18,active,432.0,2024-05-27 14:35:42,
500306,696751,6,past_due,72.0,2024-04-22 12:40:25,
500307,691555,25,active,600.0,2025-01-19 13:52:46,
500308,359105,29,active,696.0,2024-05-05 08:50:45,
500309,836507,9,active,108.0,2024-02-07 17:42:29,
500310,113010,5,active,60.0,2024-01-08 23:37:53,
500311,142978,10,active,240.0,2023-01-12 12:22:42,
500312,230161,19,active,456.0,2023-04-30 13:08:58,
500313,650871,21,active,504.0,2023-04-30 06:41:52,
500314,687117,4,trialing,48.0,2024-12-14 10:05:51,
500315,259984,47,active,2068.0,2023-02-25 14:10:11,
500316,960588,4,active,48.0,2023-10-28 15:17:37,
500317,398864,24,active,576.0,2023-08-15 06:47:55,
500318,318405,4,active,48.0,2024-02-27 08:20:37,
500319,819790,27,active,648.0,2025-01-21 09:18:23,
500320,380513,7,active,84.0,2025-08-07 15:14:21,
500321,907943,3,past_due,36.0,2025-01-24 13:08:27,
500322,896132,8,active,96.0,2024-02-25 15:55:26,
500323,556047,32,active,768.0,2023-12-17 13:12:50,
500324,211956,12,active,288.0,2023-05-24 04:02:22,
500325,997844,142,trialing,6248.0,2024-12-22 05:58:02,
500326,433844,3,active,36.0,2024-07-14 08:54:20,
500327,138819,6,active,72.0,2024-05-01 14:28:46,
500328,378702,6,active,72.0,2024-12-30 16:08:08,
500329,253622,26,churned,624.0,2024-12-18 08:52:08,2025-03-20 08:52:08
500330,806120,4,active,48.0,2024-01-04 14:19:10,
500331,967030,21,active,504.0,2023-06-29 09:51:15,
500332,371884,6,churned,72.0,2023-02-15 14:37:54,2024-01-23 14:37:54
500333,492337,4,active,48.0,2025-09-26 15:02:07,
500334,333840,77,active,3388.0,2025-03-17 11:33:53,
500335,692863,8,active,96.0,2024-06-17 14:07:02,
500336,488457,6,past_due,72.0,2025-05-02 12:34:40,
500337,245270,2,churned,24.0,2023-07-12 12:39:35,2024-09-22 12:39:35
500338,575346,24,active,576.0,2025-08-16 20:15:30,
500339,588070,11,active,264.0,2025-07-16 12:37:06,
500340,553898,8,active,96.0,2023-09-20 09:14:17,
500341,288798,6,active,72.0,2024-06-21 09:11:36,
500342,395744,5,active,60.0,2023-02-24 11:25:51,
500343,701732,3,active,36.0,2024-01-24 09:27:03,
500344,216490,3,active,36.0,2024-09-24 12:03:25,
500345,537536,14,active,336.0,2024-12-31 17:20:01,
500346,892691,19,active,456.0,2025-07-30 07:29:32,
500347,983167,40,churned,960.0,2024-08-28 09:43:21,2024-11-02 09:43:21
500348,535256,20,active,480.0,2024-10-08 14:17:03,
500349,291773,6,active,72.0,2024-09-11 15:32:10,
500350,165228,27,active,648.0,2023-05-19 09:39:40,
500351,169880,8,active,96.0,2023-08-19 16:13:21,
500352,540635,7,churned,168.0,2023-02-04 18:20:51,2023-08-17 18:20:51
500353,865765,10,active,120.0,2023-12-29 13:12:28,
500354,479390,3,churned,36.0,2024-04-02 09:49:16,2025-06-17 09:49:16
500355,693667,22,active,528.0,2023-11-14 16:49:48,
500356,136425,4,active,48.0,2024-12-08 10:00:12,
500357,269728,75,active,3300.0,2023-05-30 11:08:18,
500358,700348,4,churned,48.0,2025-06-23 15:16:53,2025-10-25 15:16:53
500359,675863,19,active,456.0,2024-10-19 12:25:14,
500360,646333,5,active,60.0,2023-01-25 14:37:21,
500361,551545,3,churned,36.0,2023-01-03 07:38:41,2024-03-13 07:38:41
500362,275252,22,active,528.0,2025-01-24 07:35:10,
500363,397763,13,trialing,312.0,2024-03-28 13:41:39,
500364,198116,35,active,840.0,2025-07-22 09:03:17,
500365,537263,29,active,696.0,2025-09-25 14:38:21,
500366,583252,20,past_due,480.0,2023-01-04 09:31:57,
500367,919065,26,churned,624.0,2023-12-20 17:57:06,2024-10-25 17:57:06
500368,908690,35,past_due,840.0,2024-02-04 08:35:23,
500369,487420,25,active,600.0,2023-01-25 17:35:47,
500370,686117,7,active,84.0,2023-05-31 16:50:21,
500371,320794,5,active,60.0,2024-02-16 16:54:58,
500372,415716,3,churned,36.0,2023-12-12 10:02:00,2025-02-17 10:02:00
500373,364738,35,active,840.0,2024-01-23 08:27:44,
500374,766913,19,active,456.0,2025-05-20 10:37:41,
500375,952114,69,active,3036.0,2024-04-29 13:38:00,
500376,901613,5,past_due,60.0,2024-11-27 13:23:58,
500377,439406,9,active,108.0,2025-02-23 13:28:31,
500378,556479,6,active,72.0,2023-09-17 11:00:45,
500379,712131,41,active,984.0,2024-03-25 15:02:51,
500380,235164,55,trialing,1320.0,2024-02-09 17:07:40,
500381,581789,11,active,132.0,2024-12-17 18:08:20,
500382,509193,86,churned,3784.0,2023-10-13 10:13:37,2024-06-04 10:13:37
500383,863793,8,past_due,96.0,2024-01-12 12:04:13,
500384,554336,3,active,36.0,2024-04-28 16:04:30,
500385,827874,5,active,60.0,2025-01-20 12:10:00,
500386,567592,33,churned,792.0,2023-02-26 08:29:33,2023-12-07 08:29:33
500387,918212,99,active,4356.0,2025-06-21 14:10:38,
500388,357563,8,active,192.0,2024-02-25 09:41:21,
500389,271150,13,active,312.0,2025-06-24 19:20:41,
500390,383348,7,past_due,168.0,2025-08-11 08:02:18,
500391,768839,1,active,12.0,2025-07-14 14:39:10,
500392,467325,8,past_due,192.0,2023-08-17 11:29:41,
500393,859443,248,active,19592.0,2025-01-09 15:21:13,
500394,724555,4,active,48.0,2024-11-01 18:04:04,
500395,886365,57,active,2508.0,2024-03-25 08:56:04,
500396,966960,31,active,744.0,2023-10-05 10:10:10,
500397,451634,8,active,192.0,2023-03-19 18:53:23,
500398,563394,37,active,888.0,2025-01-19 04:43:44,
500399,668059,5,active,60.0,2025-03-26 16:04:02,
500400,112840,4,churned,48.0,2024-08-01 11:08:57,2025-02-27 11:08:57
500401,819199,3,past_due,36.0,2023-07-15 09:03:37,
500402,152728,128,active,10112.0,2024-04-05 06:57:09,
500403,124942,25,churned,600.0,2023-06-13 15:09:25,2023-11-14 15:09:25
500404,679810,23,active,552.0,2023-11-20 12:58:59,
500405,687595,45,active,1980.0,2024-06-16 14:06:09,
500406,550912,5,active,60.0,2023-09-08 15:53:53,
500407,504637,4,active,48.0,2024-04-06 07:50:07,
500408,959623,6,active,72.0,2023-04-29 15:17:08,
500409,606858,5,active,60.0,2025-05-24 18:56:06,
500410,244208,3,active,36.0,2024-09-25 16:08:23,
500411,549691,25,churned,600.0,2023-04-18 12:37:07,2024-11-10 12:37:07
500412,722037,12,active,144.0,2023-01-04 09:38:09,
500413,379248,69,active,3036.0,2025-02-15 11:50:07,
500414,254564,101,trialing,4444.0,2024-05-23 16:05:16,
500415,894894,21,active,504.0,2023-09-24 16:55:21,
500416,164239,3,active,36.0,2024-06-30 04:00:14,
500417,315118,78,active,3432.0,2023-05-24 16:58:10,
500418,249442,80,active,3520.0,2024-12-25 21:25:06,
500419,540658,5,active,60.0,2024-07-28 10:04:46,
500420,940445,12,active,144.0,2023-01-15 15:00:49,
500421,129289,2,active,24.0,2024-08-08 10:51:38,
500422,296755,11,churned,132.0,2023-11-09 15:04:29,2024-11-11 15:04:29
500423,935611,3,active,36.0,2024-09-26 11:14:02,
500424,481953,147,active,6468.0,2023-05-08 08:02:53,
500425,649882,7,trialing,84.0,2024-12-08 14:07:40,
500426,148986,14,active,168.0,2024-11-23 14:40:06,
500427,381513,3,active,36.0,2023-12-24 11:05:04,
500428,646915,19,active,456.0,2025-01-30 08:13:53,
500429,480190,3,trialing,36.0,2024-01-29 06:58:46,
500430,232216,3,churned,36.0,2024-03-05 13:44:16,2025-03-22 13:44:16
500431,228567,27,churned,648.0,2024-07-26 09:14:06,2025-07-02 09:14:06
500432,820834,28,active,672.0,2025-09-23 13:19:47,
500433,835797,25,active,600.0,2024-02-18 10:40:04,
500434,256231,37,active,888.0,2023-04-25 15:15:28,
500435,979522,3,trialing,72.0,2024-06-07 13:45:38,
500436,663683,4,active,48.0,2025-06-11 09:50:17,
500437,372540,38,active,1672.0,2023-03-14 07:00:56,
500438,800274,26,active,624.0,2024-04-08 20:22:12,
500439,888943,3,churned,36.0,2025-05-07 07:19:40,2025-09-28 07:19:40
500440,596031,12,active,288.0,2024-03-01 23:05:21,
500441,435261,42,active,1008.0,2023-04-07 14:11:47,
500442,176599,5,active,60.0,2025-07-21 08:58:35,
500443,942304,117,active,5148.0,2024-08-19 10:44:44,
500444,602857,6,active,72.0,2025-03-25 14:07:49,
500445,184233,2,active,24.0,2024-11-14 07:30:46,
500446,181156,21,active,504.0,2024-11-19 12:16:10,
500447,479493,9,active,108.0,2023-01-21 10:30:18,
500448,887991,6,active,72.0,2023-07-26 20:19:34,
500449,691462,10,active,120.0,2024-03-22 18:02:46,
500450,452461,24,active,576.0,2023-11-11 12:51:24,
500451,742834,8,active,96.0,2024-04-23 20:51:09,
500452,631589,21,churned,504.0,2024-10-20 11:04:20,2025-04-06 11:04:20
500453,115359,3,active,36.0,2023-06-21 10:57:18,
500454,685200,20,active,480.0,2025-03-16 14:36:11,
500455,108606,25,active,600.0,2023-04-25 11:01:48,
500456,641547,30,churned,720.0,2023-09-05 07:09:25,2024-01-02 07:09:25
500457,818654,4,active,96.0,2024-09-12 15:33:45,
500458,624691,29,active,696.0,2025-01-06 13:41:11,
500459,735377,2,past_due,24.0,2023-11-19 15:54:38,
500460,631393,3,active,36.0,2023-11-16 08:06:49,
500461,144659,22,active,528.0,2024-09-24 00:46:56,
500462,842517,40,churned,960.0,2023-12-31 08:13:04,2025-01-14 08:13:04
500463,705149,8,churned,96.0,2023-04-11 10:12:56,2024-04-23 10:12:56
500464,421775,2,active,24.0,2024-06-30 07:39:12,
500465,165982,15,active,360.0,2025-09-16 16:40:39,
500466,331341,4,active,48.0,2025-09-11 07:52:15,
500467,951176,7,active,84.0,2024-02-28 09:44:06,
500468,544215,25,active,600.0,2025-03-29 14:34:34,
500469,828822,78,active,3432.0,2023-06-12 17:52:25,
500470,292475,52,active,2288.0,2024-01-19 16:26:50,
500471,299619,16,active,384.0,2023-10-20 20:04:44,
500472,567817,4,churned,48.0,2024-08-29 11:35:07,2025-11-05 11:35:07
500473,225448,80,churned,3520.0,2023-04-24 09:28:24,2025-05-10 09:28:24
500474,642899,6,active,72.0,2023-07-06 15:58:13,
500475,332026,3,active,36.0,2024-10-16 18:10:53,
500476,407884,23,active,1012.0,2024-06-09 08:06:00,
500477,790364,8,trialing,192.0,2025-07-18 13:55:03,
500478,298048,5,active,60.0,2024-04-04 07:19:17,
500479,669363,4,active,48.0,2023-12-10 14:39:34,
500480,586292,3,past_due,36.0,2025-09-08 11:47:42,
500481,815721,3,active,36.0,2024-06-12 14:46:16,
500482,174010,8,churned,96.0,2023-04-26 15:41:43,2023-12-22 15:41:43
500483,359748,25,active,600.0,2024-09-25 16:08:53,
500484,754948,66,active,2904.0,2024-07-01 08:34:20,
500485,782122,3,active,36.0,2023-10-08 15:06:16,
500486,662747,228,active,18012.0,2025-01-23 07:20:26,
500487,372638,3,active,36.0,2024-09-26 08:47:50,
500488,875381,34,active,816.0,2023-06-10 11:34:59,
500489,139085,3,active,36.0,2023-11-05 15:45:29,
500490,985138,45,churned,1980.0,2024-06-12 18:54:54,2025-03-23 18:54:54
500491,366471,21,active,504.0,2025-03-30 17:35:03,
500492,203951,23,active,552.0,2023-08-04 03:24:54,
500493,902347,74,active,3256.0,2024-07-23 14:21:30,
500494,645195,3,churned,36.0,2024-08-08 14:27:56,2024-12-31 14:27:56
500495,862228,2,active,24.0,2025-01-09 16:14:22,
500496,284939,6,trialing,72.0,2024-03-27 13:16:48,
500497,105052,41,active,984.0,2025-06-11 17:52:05,
500498,948864,22,active,528.0,2025-03-19 11:22:59,
500499,365660,13,churned,312.0,2023-01-29 13:51:07,2024-05-08 13:51:07
500500,269555,10,active,240.0,2024-02-15 07:40:36,
500501,333795,25,active,600.0,2024-12-04 08:34:41,
500502,747100,5,active,60.0,2024-06-19 12:55:12,
500503,252591,17,active,408.0,2025-04-09 06:00:05,
500504,603307,3,active,36.0,2024-02-21 13:55:05,
500505,120608,4,active,48.0,2024-08-08 09:18:41,
500506,110220,5,active,60.0,2023-04-22 11:51:55,
500507,609487,44,trialing,1936.0,2023-04-29 07:06:17,
500508,725693,12,active,288.0,2024-01-01 15:19:56,
500509,759736,21,active,504.0,2024-07-22 22:58:49,
500510,938120,9,active,216.0,2025-02-11 13:17:57,
500511,970221,4,active,48.0,2023-09-07 11:10:03,
500512,470492,37,active,888.0,2023-02-09 14:36:53,
500513,498584,6,active,72.0,2024-12-22 10:16:48,
500514,381306,21,churned,504.0,2025-07-01 08:34:40,2025-09-18 08:34:40
500515,174373,18,churned,432.0,2023-01-01 07:39:54,2023-03-05 07:39:54
500516,249013,103,active,4532.0,2023-12-31 09:03:38,
500517,318162,10,active,240.0,2023-01-31 14:24:51,
500518,637831,16,active,384.0,2025-01-22 10:31:41,
500519,207113,10,trialing,120.0,2025-03-04 10:18:23,
500520,695044,83,active,3652.0,2025-08-18 04:34:52,
500521,173985,4,active,48.0,2023-11-05 15:16:50,
500522,124161,11,active,132.0,2024-08-28 13:51:18,
500523,133896,63,active,2772.0,2023-04-25 15:41:31,
500524,656281,10,active,240.0,2025-05-30 13:29:56,
500525,881378,1,active,12.0,2024-06-27 09:21:44,
500526,519323,3,active,36.0,2025-05-31 16:27:35,
500527,349634,92,active,4048.0,2023-02-24 18:56:30,
500528,708315,3,past_due,36.0,2023-10-16 17:34:01,
500529,376354,7,active,84.0,2024-05-30 15:58:27,
500530,832087,15,active,360.0,2025-05-17 17:51:55,
500531,540749,2,active,24.0,2023-12-21 11:38:16,
500532,848871,6,churned,72.0,2023-02-20 08:58:25,2024-01-21 08:58:25
500533,775816,4,active,48.0,2024-05-20 15:55:15,
500534,277459,6,active,144.0,2025-05-06 13:10:44,
500535,805099,3,active,36.0,2024-11-23 19:04:52,
500536,451700,8,active,96.0,2024-12-03 07:38:04,
500537,477382,26,active,624.0,2023-02-02 15:02:08,
500538,232159,67,active,2948.0,2025-06-04 14:15:01,
500539,809176,27,active,648.0,2025-03-18 10:44:31,
500540,209680,3,active,36.0,2024-09-17 06:21:55,
500541,734042,5,active,60.0,2024-02-03 17:24:27,
500542,651612,5,active,60.0,2025-04-08 14:22:00,
500543,394508,3,active,36.0,2023-08-28 09:25:01,
500544,858842,18,churned,432.0,2024-06-24 13:58:46,2025-02-20 13:58:46
500545,962759,6,churned,72.0,2024-10-19 19:23:02,2025-02-20 19:23:02
500546,468400,110,past_due,4840.0,2023-12-06 07:30:21,
500547,471767,7,active,84.0,2023-06-22 19:59:19,
500548,440806,2,active,24.0,2023-09-16 16:29:36,
500549,958517,28,active,672.0,2025-01-29 04:10:35,
500550,417896,25,active,600.0,2023-06-16 22:15:21,
500551,607403,24,active,576.0,2025-05-27 13:04:05,
500552,286547,3,active,36.0,2024-04-15 10:10:30,
500553,750386,4,active,48.0,2025-02-19 17:46:53,
500554,640065,4,active,48.0,2023-08-31 11:52:58,
500555,875061,9,active,108.0,2024-10-20 11:17:40,
500556,991768,6,active,72.0,2025-07-15 08:50:13,
500557,112651,3,active,36.0,2023-03-06 15:14:24,
500558,985162,11,churned,132.0,2024-06-09 12:40:59,2025-02-28 12:40:59
500559,902662,3,active,36.0,2025-09-07 19:20:22,
500560,165039,87,active,3828.0,2025-06-04 20:42:30,
500561,807582,14,trialing,336.0,2024-11-15 09:32:54,
500562,465105,4,active,48.0,2024-08-01 11:50:42,
500563,597592,17,active,408.0,2023-08-22 18:43:33,
500564,418604,3,active,36.0,2023-06-24 13:26:04,
500565,186866,17,active,408.0,2023-10-08 08:03:59,
500566,651891,154,active,12166.0,2025-02-05 16:00:46,
500567,929449,39,active,936.0,2023-02-18 21:40:58,
500568,870519,2,active,24.0,2024-06-11 06:28:35,
500569,201572,38,active,912.0,2025-09-22 13:26:24,
500570,540115,37,active,888.0,2023-05-23 15:15:31,
500571,122331,3,active,36.0,2025-08-12 14:58:32,
500572,626850,6,trialing,72.0,2024-08-13 12:08:32,
500573,799901,29,active,696.0,2025-06-30 08:56:37,
500574,113224,63,active,2772.0,2023-10-28 18:39:13,
500575,253647,5,active,60.0,2024-08-17 15:40:18,
500576,487099,3,past_due,36.0,2024-06-12 11:40:52,
500577,492564,16,active,384.0,2024-05-19 16:11:53,
500578,428057,4,active,48.0,2025-08-02 08:07:19,
500579,999282,3,active,36.0,2025-07-04 14:18:45,
500580,363409,28,active,672.0,2025-01-08 10:51:45,
500581,600525,51,active,1224.0,2025-08-22 10:32:17,
500582,753247,30,active,720.0,2023-11-17 15:15:33,
500583,909042,4,active,48.0,2024-10-04 09:28:33,
500584,662368,5,active,60.0,2023-11-10 09:37:21,
500585,461906,4,active,48.0,2024-07-28 09:36:34,
500586,141893,5,active,60.0,2023-04-08 14:11:40,
500587,443866,3,active,36.0,2024-06-09 13:55:10,
500588,217404,4,active,48.0,2024-10-03 08:05:10,
500589,519899,3,active,36.0,2023-02-26 14:31:28,
500590,627691,94,churned,4136.0,2023-11-28 16:58:05,2024-03-22 16:58:05
500591,558639,5,active,60.0,2024-01-23 12:18:03,
500592,212090,35,active,840.0,2023-12-27 11:50:00,
500593,713907,4,churned,48.0,2024-02-16 10:43:11,2025-09-15 10:43:11
500594,941144,11,active,264.0,2024-05-04 17:02:30,
500595,203860,25,active,600.0,2025-04-15 12:08:45,
500596,208743,23,active,552.0,2024-05-18 07:51:45,
500597,246475,7,active,84.0,2024-08-12 08:22:46,
500598,511107,5,active,60.0,2025-03-21 03:09:59,
500599,820426,5,active,60.0,2025-05-07 06:11:56,
500600,406745,4,trialing,48.0,2023-04-04 08:47:37,
500601,870241,3,trialing,36.0,2025-02-10 14:39:00,
500602,344893,64,active,2816.0,2025-03-16 08:59:27,
500603,769395,6,active,72.0,2025-07-19 09:20:31,
500604,634412,98,active,4312.0,2024-06-13 07:31:36,
500605,318214,6,churned,72.0,2024-09-08 10:20:13,2025-06-07 10:20:13
500606,379610,2,active,24.0,2023-12-15 08:52:21,
500607,873654,86,active,3784.0,2025-08-01 15:47:20,
500608,262644,50,churned,1200.0,2023-11-06 10:05:44,2024-06-24 10:05:44
500609,466834,28,active,672.0,2024-08-15 08:15:54,
500610,119727,13,active,312.0,2023-02-27 16:47:39,
500611,329586,25,active,600.0,2024-11-05 13:36:07,
500612,549442,87,trialing,3828.0,2024-01-23 08:04:36,
500613,262565,23,active,552.0,2023-03-08 11:28:24,
500614,265516,13,active,156.0,2025-02-18 18:27:41,
500615,419173,89,active,3916.0,2024-11-23 10:49:23,
500616,335302,2,active,24.0,2024-10-14 11:11:54,
500617,815996,36,active,864.0,2025-04-04 16:27:44,
500618,495640,8,active,96.0,2024-03-01 16:18:36,
500619,304113,20,active,480.0,2024-05-15 07:44:13,
500620,392724,15,active,360.0,2023-05-20 08:55:20,
500621,950873,26,active,624.0,2023-09-04 10:33:22,
500622,757684,6,active,72.0,2025-04-29 07:49:22,
500623,697314,17,active,408.0,2023-06-05 10:12:29,
500624,132627,5,past_due,60.0,2024-11-26 12:02:50,
500625,470193,6,active,72.0,2023-08-30 07:44:30,
500626,339830,67,churned,2948.0,2025-01-28 13:48:49,2025-12-04 13:48:49
500627,280606,3,active,36.0,2024-10-22 10:56:46,
500628,664752,7,active,84.0,2024-02-21 19:43:58,
500629,676614,17,active,408.0,2025-07-16 12:38:09,
500630,209127,45,active,1980.0,2025-06-05 16:53:36,
500631,676603,11,trialing,264.0,2025-05-30 15:03:38,
500632,391164,2,past_due,24.0,2023-10-24 08:24:08,
500633,810060,4,active,48.0,2024-02-21 13:25:58,
500634,989157,8,active,96.0,2024-04-16 10:33:37,
500635,653379,13,active,312.0,2023-12-06 12:15:59,
500636,814957,21,active,504.0,2025-06-01 17:09:42,
500637,676397,46,active,1104.0,2025-04-11 10:53:44,
500638,182129,18,active,432.0,2023-10-09 16:33:43,
500639,200631,10,active,240.0,2023-02-08 02:16:51,
500640,481021,2,active,24.0,2024-07-16 16:40:33,
500641,370589,25,active,600.0,2025-02-04 14:36:30,
500642,765110,3,active,36.0,2025-06-28 02:11:59,
500643,778013,9,active,108.0,2023-11-23 13:11:54,
500644,586841,9,active,216.0,2024-03-15 11:44:12,
500645,505710,18,active,432.0,2025-02-19 16:42:24,
500646,950959,51,active,1224.0,2025-05-25 07:26:31,
500647,365756,4,active,48.0,2025-05-31 10:55:57,
500648,660322,20,active,480.0,2024-08-25 08:54:14,
500649,154252,2,active,24.0,2024-03-29 10:27:00,
500650,692337,28,active,672.0,2023-01-15 16:23:07,
500651,841724,70,active,3080.0,2024-09-04 17:01:38,
500652,175483,88,active,3872.0,2024-02-10 20:08:46,
500653,751207,4,active,48.0,2025-04-06 10:21:08,
500654,406504,67,active,2948.0,2025-07-24 19:39:19,
500655,989410,1,active,12.0,2025-05-22 06:42:55,
500656,527428,131,active,5764.0,2025-08-21 15:08:18,
500657,335130,7,churned,168.0,2023-05-10 08:47:25,2023-07-27 08:47:25
500658,668250,98,active,4312.0,2024-04-07 08:44:53,
500659,295167,4,active,48.0,2023-08-15 13:32:29,
500660,457669,318,active,25122.0,2023-03-03 09:09:31,
500661,566579,52,active,2288.0,2025-05-06 14:52:10,
500662,810858,11,active,264.0,2025-01-14 07:28:44,
500663,139051,3,active,36.0,2024-12-04 19:32:42,
500664,975237,19,churned,456.0,2023-01-09 11:08:18,2024-03-30 11:08:18
500665,279735,9,active,108.0,2025-05-09 12:02:27,
500666,874742,41,active,984.0,2023-12-10 10:24:46,
500667,111936,33,churned,792.0,2023-06-27 08:27:54,2024-10-15 08:27:54
500668,169258,23,active,552.0,2023-02-13 16:28:38,
500669,295334,22,active,528.0,2024-06-21 08:01:37,
500670,831303,9,active,216.0,2024-05-19 13:26:45,
500671,805943,4,active,48.0,2023-05-04 13:20:18,
500672,833504,76,active,3344.0,2025-03-16 21:06:23,
500673,263501,4,active,48.0,2025-04-23 18:42:17,
500674,393542,3,active,36.0,2023-10-07 08:38:47,
500675,196331,45,active,1080.0,2024-03-05 12:15:54,
500676,682986,11,active,132.0,2025-04-30 09:12:15,
500677,228499,3,churned,36.0,2023-02-26 11:02:26,2024-10-13 11:02:26
500678,512181,21,active,504.0,2024-11-03 18:25:56,
500679,975689,16,active,384.0,2023-09-19 08:46:35,
500680,644920,25,active,600.0,2024-10-22 13:33:41,
500681,620725,4,active,48.0,2024-07-14 11:53:09,
500682,839782,41,churned,1804.0,2025-03-06 17:56:00,2025-05-19 17:56:00
500683,198781,7,active,84.0,2024-09-10 14:23:19,
500684,686652,6,past_due,72.0,2024-04-17 15:24:29,
500685,242324,3,active,36.0,2024-08-26 14:47:34,
500686,676881,3,churned,36.0,2024-10-03 13:55:57,2025-06-19 13:55:57
500687,358468,16,active,384.0,2023-01-13 09:26:52,
500688,636784,19,active,456.0,2023-08-11 17:00:28,
500689,156588,13,active,312.0,2024-09-12 11:41:47,
500690,726509,7,active,84.0,2024-10-17 12:04:00,
500691,757349,164,past_due,12956.0,2023-10-16 08:12:55,
500692,103319,7,trialing,84.0,2024-10-20 15:15:07,
500693,973361,13,trialing,312.0,2024-03-01 11:56:05,
500694,170417,37,active,888.0,2025-04-08 20:59:01,
500695,194570,3,active,36.0,2023-07-23 14:21:51,
500696,723768,17,active,408.0,2024-05-07 10:49:03,
500697,870377,3,churned,36.0,2023-05-23 16:49:18,2025-04-15 16:49:18
500698,189189,17,active,408.0,2025-01-10 10:21:58,
500699,976274,36,active,864.0,2023-12-02 17:41:44,
500700,671372,6,active,72.0,2024-12-15 11:00:31,
500701,424994,73,past_due,3212.0,2025-08-27 11:55:37,
500702,736270,116,past_due,5104.0,2023-06-16 11:59:21,
500703,901602,40,past_due,960.0,2023-11-11 13:19:04,
500704,684083,4,past_due,48.0,2025-06-25 13:39:50,
500705,629748,7,active,84.0,2023-09-01 10:43:37,
500706,479649,4,active,48.0,2024-10-28 15:51:42,
500707,789095,6,churned,72.0,2023-02-15 20:50:10,2024-02-12 20:50:10
500708,105266,6,active,72.0,2024-04-28 17:20:43,
500709,221118,3,active,36.0,2024-07-22 17:11:47,
500710,673856,5,active,60.0,2024-06-19 13:21:32,
500711,412644,5,active,60.0,2024-05-06 08:28:41,
500712,869256,6,active,72.0,2024-12-04 15:26:20,
500713,326211,30,active,720.0,2025-06-29 10:46:01,
500714,662390,11,active,132.0,2024-03-04 12:14:38,
500715,362499,24,active,576.0,2024-09-01 11:00:17,
500716,691620,3,active,36.0,2023-12-20 15:16:35,
500717,732615,4,active,48.0,2024-04-23 15:57:17,
500718,158251,27,active,648.0,2024-05-29 07:03:02,
500719,551362,36,active,864.0,2023-09-04 09:02:41,
500720,304962,126,active,5544.0,2024-01-06 10:15:32,
500721,505397,9,trialing,108.0,2024-07-25 08:26:33,
500722,140197,38,active,1672.0,2024-10-06 17:25:44,
500723,631096,3,active,36.0,2023-11-20 07:50:34,
500724,539755,2,active,24.0,2025-04-12 06:16:09,
500725,613197,39,active,936.0,2023-04-01 07:44:20,
500726,741178,19,active,456.0,2024-08-07 17:49:44,
500727,604137,5,active,60.0,2023-11-20 13:28:03,
500728,315175,5,active,60.0,2024-05-01 16:47:49,
500729,553479,71,trialing,3124.0,2025-01-28 04:52:51,
500730,372180,4,churned,48.0,2023-02-11 16:27:46,2025-06-01 16:27:46
500731,572896,4,active,48.0,2023-10-16 23:09:15,
500732,996819,39,active,1716.0,2023-12-07 20:35:38,
500733,393197,32,active,768.0,2023-06-27 18:42:21,
500734,688496,14,active,336.0,2023-11-29 20:53:11,
500735,893066,7,active,84.0,2024-05-03 15:03:02,
500736,526700,5,active,60.0,2023-11-12 07:27:48,
500737,163603,3,active,36.0,2024-09-08 13:00:33,
500738,806501,17,active,408.0,2024-05-03 11:11:56,
500739,742562,43,active,1892.0,2025-03-25 15:43:50,
500740,185683,109,active,4796.0,2025-01-03 08:16:28,
500741,883487,7,active,84.0,2024-07-20 11:13:17,
500742,301353,6,churned,72.0,2024-05-23 09:48:28,2024-08-02 09:48:28
500743,550131,35,active,840.0,2024-06-13 00:12:52,
500744,592265,5,active,60.0,2025-09-24 14:22:26,
500745,253221,10,active,120.0,2025-05-31 10:04:48,
500746,164080,5,active,60.0,2023-11-05 08:00:40,
500747,142057,17,active,408.0,2023-03-18 07:52:05,
500748,742518,33,active,792.0,2024-01-27 15:49:25,
500749,207018,3,active,36.0,2024-07-30 17:55:42,
500750,359178,19,active,456.0,2025-01-09 15:40:43,
500751,704441,31,active,744.0,2025-08-18 18:40:43,
500752,136409,7,active,84.0,2025-06-10 11:25:09,
500753,262678,7,active,84.0,2023-11-03 17:28:25,
500754,819946,10,active,120.0,2025-01-18 10:00:56,
500755,374056,19,past_due,456.0,2025-09-07 12:59:26,
500756,106212,68,active,2992.0,2024-09-08 13:48:54,
500757,818984,41,churned,1804.0,2023-10-10 14:54:28,2024-12-02 14:54:28
500758,543184,4,active,48.0,2023-12-10 10:17:07,
500759,317879,5,churned,60.0,2023-01-07 16:14:18,2024-12-09 16:14:18
500760,590704,24,active,576.0,2023-10-20 23:31:00,
500761,600864,4,active,48.0,2024-02-23 13:21:50,
500762,749288,42,churned,1848.0,2023-07-01 19:50:39,2024-03-18 19:50:39
500763,211818,40,active,960.0,2024-04-10 08:14:53,
500764,873644,14,active,336.0,2023-10-08 16:09:13,
500765,454905,4,active,48.0,2023-02-08 14:07:07,
500766,697547,15,active,360.0,2025-02-08 13:10:44,
500767,919775,24,active,576.0,2024-03-06 14:38:08,
500768,644079,15,active,360.0,2024-04-07 14:36:53,
500769,282947,5,active,60.0,2023-05-14 10:53:40,
500770,812313,8,active,96.0,2023-08-02 16:25:40,
500771,118279,24,active,576.0,2025-02-04 12:41:37,
500772,341901,6,active,72.0,2025-01-23 09:58:31,
500773,259373,6,active,72.0,2024-08-27 19:41:43,
500774,799789,7,active,84.0,2025-05-30 03:44:46,
500775,342116,5,active,60.0,2025-08-24 14:17:40,
500776,699585,7,active,168.0,2024-12-17 09:14:31,
500777,821114,19,active,456.0,2025-01-13 10:45:50,
500778,516478,3,active,36.0,2024-06-04 08:09:21,
500779,591806,18,active,432.0,2024-11-20 14:26:23,
500780,980608,10,active,240.0,2024-08-26 09:20:21,
500781,872118,109,active,8611.0,2025-02-23 15:25:11,
500782,206487,6,active,72.0,2024-09-30 13:30:01,
500783,847537,196,active,15484.0,2025-06-16 12:09:50,
500784,956011,18,active,432.0,2025-03-29 14:55:04,
500785,228677,5,active,60.0,2023-07-27 09:34:36,
500786,112414,3,active,36.0,2023-02-18 19:20:29,
500787,996360,8,active,96.0,2025-02-26 08:47:23,
500788,951550,3,active,36.0,2023-08-04 09:09:50,
500789,147538,5,active,60.0,2024-08-17 07:46:38,
500790,270148,38,active,912.0,2024-07-05 08:47:08,
500791,473607,3,active,36.0,2024-06-16 21:32:01,
500792,414105,6,active,72.0,2023-11-09 14:47:16,
500793,600774,73,active,3212.0,2024-09-01 10:44:21,
500794,892300,33,active,792.0,2024-06-29 09:26:15,
500795,902628,71,active,3124.0,2025-05-23 08:55:23,
500796,832722,41,active,1804.0,2025-07-04 12:40:13,
500797,620640,19,active,456.0,2023-12-29 18:33:31,
500798,633095,53,active,1272.0,2025-03-30 05:08:30,
500799,316254,29,active,696.0,2024-10-01 15:47:01,
500800,157478,4,active,48.0,2025-08-05 14:53:20,
500801,721049,9,active,108.0,2024-06-26 07:32:04,
500802,261774,8,active,192.0,2025-06-14 19:40:24,
500803,824578,25,active,600.0,2025-07-29 19:00:07,
500804,565218,62,active,2728.0,2025-01-14 09:47:31,
500805,395913,15,active,360.0,2024-02-15 15:42:09,
500806,623050,5,active,60.0,2025-07-07 08:43:39,
500807,383347,7,active,84.0,2024-04-10 14:21:22,
500808,619995,3,active,36.0,2025-09-06 15:08:29,
500809,240194,9,active,108.0,2023-04-10 21:15:40,
500810,571416,9,active,216.0,2025-03-30 13:02:11,
500811,157411,113,active,4972.0,2024-11-02 14:40:01,
500812,727242,9,active,108.0,2024-05-17 17:41:02,
500813,689786,4,active,48.0,2023-04-05 09:19:16,
500814,611661,5,active,60.0,2023-03-29 17:16:45,
500815,713834,4,active,48.0,2024-08-16 10:23:26,
500816,740617,40,active,1760.0,2023-10-27 16:10:09,
500817,670800,12,active,288.0,2023-09-14 10:11:17,
500818,574768,36,active,864.0,2023-05-12 10:58:08,
500819,822504,28,active,672.0,2023-05-01 09:28:58,
500820,561696,4,active,48.0,2025-08-27 13:26:53,
500821,888218,4,active,48.0,2025-02-14 10:01:03,
500822,479242,10,active,240.0,2025-08-28 15:13:40,
500823,424962,32,active,768.0,2024-08-23 12:06:56,
500824,952105,25,active,600.0,2024-09-26 10:39:55,
500825,531301,3,active,36.0,2023-05-20 20:01:27,
500826,440025,36,active,864.0,2023-01-16 16:30:54,
500827,227254,6,active,72.0,2024-09-20 13:25:50,
500828,900536,4,active,48.0,2025-02-03 15:23:40,
500829,531456,7,active,84.0,2024-05-20 20:10:33,
500830,441844,29,active,696.0,2023-06-16 03:50:11,
500831,577783,30,active,720.0,2025-05-05 09:24:35,
500832,255136,8,active,96.0,2024-06-19 06:08:09,
500833,444888,31,active,744.0,2024-11-08 15:16:35,
500834,290492,9,active,108.0,2023-02-01 09:28:27,
500835,516432,28,active,672.0,2025-05-22 10:47:41,
500836,481016,30,active,720.0,2025-03-21 11:47:32,
500837,136968,10,active,240.0,2025-01-03 07:40:43,
500838,606408,3,active,36.0,2025-07-31 13:00:38,
500839,118948,9,active,108.0,2023-07-05 13:49:30,
500840,832207,29,active,696.0,2024-01-12 08:47:19,
500841,449827,72,active,3168.0,2025-05-13 10:18:27,
500842,916616,49,active,1176.0,2024-11-18 08:33:32,
500843,149930,40,active,960.0,2024-06-03 20:25:22,
500844,575421,8,active,96.0,2023-11-09 14:53:30,
500845,684543,8,active,96.0,2024-08-15 13:57:25,
500846,518790,2,active,24.0,2025-08-01 10:07:16,
500847,817805,22,active,528.0,2023-05-16 13:20:21,
500848,227569,12,active,288.0,2023-12-13 06:34:07,
500849,995560,3,active,36.0,2025-02-21 04:31:28,
500850,236391,92,active,4048.0,2023-01-31 13:59:48,
500851,943757,16,active,384.0,2024-11-03 13:50:37,
500852,196472,22,active,528.0,2023-07-15 11:05:50,
500853,761571,5,active,60.0,2024-08-19 14:36:34,
500854,861636,18,active,432.0,2024-01-31 08:06:30,
500855,177341,10,active,120.0,2024-12-22 11:23:47,
500856,751454,64,active,2816.0,2025-06-24 12:35:37,
500857,201370,41,active,984.0,2023-08-11 14:34:26,
500858,263552,3,active,36.0,2025-04-23 07:07:18,
500859,216864,2,active,24.0,2023-08-07 07:50:51,
500860,599502,5,active,60.0,2023-08-17 13:05:02,
500861,468130,31,active,744.0,2024-10-30 12:49:01,
500862,665391,2,active,24.0,2025-02-23 06:51:05,
500863,298652,27,active,648.0,2023-06-28 11:36:45,
500864,302066,7,active,84.0,2023-09-19 09:42:40,
500865,391958,3,active,36.0,2025-01-23 18:41:19,
500866,467235,8,active,96.0,2023-02-09 14:45:32,
500867,380358,7,active,84.0,2023-04-03 23:09:26,
500868,911125,35,active,840.0,2024-01-17 10:34:30,
500869,250471,9,active,108.0,2024-01-03 11:40:44,
500870,918351,7,active,84.0,2024-06-17 07:53:10,
500871,285164,7,active,84.0,2025-05-23 12:35:48,
500872,779156,24,active,576.0,2023-11-29 15:00:22,
500873,143529,7,active,84.0,2025-03-20 12:27:00,
500874,901636,18,active,432.0,2023-09-07 13:17:54,
500875,352867,32,active,768.0,2025-01-17 16:57:48,
500876,916037,3,active,36.0,2025-09-08 12:12:51,
500877,479650,7,active,84.0,2024-06-28 13:39:26,
500878,787021,6,active,72.0,2024-05-13 09:14:46,
500879,664655,6,active,72.0,2023-09-10 15:30:58,
500880,995264,6,active,72.0,2024-05-01 10:42:12,
500881,687763,17,active,408.0,2023-09-19 08:45:28,
500882,202107,31,active,744.0,2025-06-25 14:53:29,
500883,825599,7,active,84.0,2023-12-11 08:11:54,
500884,386921,62,active,2728.0,2023-12-12 19:24:56,
500885,200865,11,active,264.0,2023-04-18 09:24:46,
500886,684498,46,active,2024.0,2024-12-12 10:01:56,
500887,445138,11,active,132.0,2025-01-10 07:00:20,
500888,686916,85,active,3740.0,2025-05-28 10:09:31,
500889,247268,22,active,528.0,2024-12-11 19:39:12,
500890,499701,11,active,264.0,2023-05-30 23:28:42,
500891,981433,37,active,1628.0,2024-12-12 07:10:56,
500892,530957,8,active,192.0,2023-11-06 13:52:44,
500893,912387,4,active,48.0,2024-09-25 14:16:57,
500894,289564,12,active,288.0,2025-02-05 08:29:55,
500895,728261,8,active,96.0,2023-07-18 12:52:59,
500896,823375,13,active,312.0,2025-08-04 17:38:00,
500897,646309,15,active,360.0,2025-01-23 13:31:51,
500898,734926,10,active,120.0,2023-05-22 14:10:24,
500899,717660,7,active,84.0,2023-05-11 06:31:17,
500900,682864,48,active,1152.0,2025-06-08 16:50:17,
500901,176590,3,active,36.0,2024-07-13 17:08:34,
500902,647116,35,active,840.0,2025-03-28 19:46:24,
500903,540382,21,active,504.0,2025-06-02 13:23:17,
500904,278077,10,active,240.0,2023-11-28 13:28:20,
500905,401402,10,active,240.0,2024-01-03 17:30:54,
500906,625558,6,active,72.0,2023-09-21 03:32:34,
500907,980971,21,active,504.0,2025-01-01 17:05:02,
500908,529391,3,active,36.0,2023-08-09 09:03:49,
500909,874496,35,active,1540.0,2024-11-11 12:19:06,
500910,574470,18,active,432.0,2023-03-26 08:08:55,
500911,147475,3,active,36.0,2024-05-08 08:38:42,
500912,172596,13,active,312.0,2024-03-08 22:12:58,
500913,964514,21,active,504.0,2025-01-20 16:38:55,
500914,649261,23,active,552.0,2023-10-08 08:39:26,
500915,620446,3,active,36.0,2025-05-13 09:11:20,
500916,206528,8,active,96.0,2025-09-10 18:36:36,
500917,972041,24,active,576.0,2025-06-14 11:39:37,
500918,744444,57,active,2508.0,2024-04-10 14:00:57,
500919,865573,9,active,108.0,2024-04-15 21:17:45,
500920,600507,16,active,384.0,2025-09-08 07:36:42,
500921,351475,7,active,84.0,2023-09-02 12:33:04,
500922,312337,6,active,72.0,2023-10-10 11:27:06,
500923,631003,13,active,312.0,2024-05-10 19:27:57,
500924,244780,128,active,5632.0,2023-12-18 17:49:57,
500925,613449,10,active,240.0,2025-04-01 10:37:48,
500926,615864,25,active,600.0,2024-02-06 14:50:10,
500927,110861,6,active,72.0,2024-06-28 08:43:25,
500928,271313,41,active,984.0,2023-05-25 09:00:57,
500929,431648,11,active,132.0,2025-07-06 07:04:43,
500930,281254,14,active,336.0,2023-11-19 17:18:59,
500931,171084,40,active,960.0,2024-03-13 15:13:51,
500932,562219,54,active,2376.0,2025-04-30 09:12:30,
500933,663857,57,active,2508.0,2025-01-23 16:45:53,
500934,259726,4,active,48.0,2023-08-05 08:27:58,
500935,172478,20,active,480.0,2023-08-06 10:33:08,
500936,822380,12,active,288.0,2024-12-21 13:33:11,
500937,647876,11,active,264.0,2024-06-12 01:06:52,
500938,921303,25,active,600.0,2023-11-29 16:06:35,
500939,918643,26,active,624.0,2025-03-16 18:44:05,
500940,962615,33,active,792.0,2024-01-17 08:20:16,
500941,339409,6,active,72.0,2025-09-20 15:06:00,
500942,557985,4,active,48.0,2023-11-18 18:33:27,
500943,865183,68,active,2992.0,2023-09-26 15:19:08,
500944,793847,25,active,600.0,2025-05-08 13:01:43,
500945,436439,3,active,36.0,2025-01-10 13:16:04,
500946,731506,1,active,12.0,2025-02-03 08:07:21,
500947,301410,10,active,240.0,2024-02-24 09:58:29,
500948,845929,4,active,48.0,2025-02-16 11:54:59,
500949,258458,69,active,3036.0,2023-01-01 13:22:10,
500950,412468,4,active,48.0,2023-01-23 09:50:53,
500951,363319,3,active,36.0,2023-04-09 13:04:24,
500952,124671,18,active,432.0,2023-02-18 12:29:32,
500953,520785,3,active,36.0,2023-05-11 15:17:54,
500954,700790,4,active,48.0,2023-01-29 19:16:44,
500955,890103,8,active,96.0,2023-07-12 11:16:24,
500956,284686,4,active,48.0,2023-07-30 10:00:16,
500957,739777,29,active,1276.0,2023-01-30 09:41:54,
500958,772806,7,active,84.0,2023-05-17 19:05:07,
500959,252079,6,active,72.0,2024-11-11 10:13:02,
500960,313943,41,active,984.0,2025-04-21 15:15:16,
500961,368540,6,active,72.0,2023-08-19 16:23:30,
500962,696918,13,active,312.0,2023-02-07 13:41:45,
500963,667992,109,active,4796.0,2025-09-02 12:17:11,
500964,670699,31,active,744.0,2024-05-08 07:11:18,
500965,498799,18,active,432.0,2024-10-11 22:11:43,
500966,301735,3,active,36.0,2024-08-15 00:33:55,
500967,899547,13,active,312.0,2024-07-01 22:41:47,
500968,105131,3,active,36.0,2023-04-20 11:04:44,
500969,228280,25,active,600.0,2025-02-26 15:13:27,
500970,665974,3,active,36.0,2024-02-03 07:27:50,
500971,417940,6,active,72.0,2025-05-14 14:51:50,
500972,780194,32,active,1408.0,2025-01-14 12:19:45,
500973,294902,28,active,672.0,2025-02-23 07:53:44,
500974,558918,35,active,840.0,2024-02-05 09:53:10,
500975,282217,132,active,5808.0,2024-02-16 15:35:26,
500976,318147,3,active,36.0,2025-01-17 09:36:57,
500977,211058,21,active,504.0,2023-05-27 13:53:18,
500978,210309,3,active,36.0,2023-12-15 08:11:37,
500979,876549,29,active,696.0,2023-03-21 23:55:11,
500980,260951,69,active,3036.0,2023-09-27 09:43:47,
500981,925203,3,active,36.0,2024-10-08 10:05:11,
500982,260885,3,active,36.0,2023-06-12 07:43:12,
500983,680171,6,active,72.0,2024-02-25 12:31:47,
500984,347163,13,active,312.0,2024-09-06 09:19:30,
500985,893855,3,active,36.0,2024-07-27 14:08:32,
500986,772957,25,active,600.0,2024-03-21 08:05:47,
500987,695658,9,active,216.0,2023-06-08 11:30:54,
500988,669720,124,active,5456.0,2023-05-14 07:01:01,
500989,784693,12,active,288.0,2023-01-28 07:43:35,
500990,469600,28,active,672.0,2024-02-09 16:08:36,
500991,262660,8,active,192.0,2023-03-06 18:54:29,
500992,725268,11,active,264.0,2023-02-01 16:13:08,
500993,561350,22,active,528.0,2024-12-10 10:21:30,
500994,131876,8,active,96.0,2023-04-08 09:36:12,
500995,102347,26,active,624.0,2025-03-02 15:27:01,
500996,769943,7,active,84.0,2023-01-01 07:26:18,
500997,617749,7,active,84.0,2025-04-03 13:50:40,
500998,995934,14,active,336.0,2025-05-18 13:02:36,
500999,150144,12,active,144.0,2024-05-14 16:52:50,
501000,331311,31,active,744.0,2024-05-15 11:56:23,
501001,176018,29,active,696.0,2024-10-03 16:55:34,
501002,155872,27,active,648.0,2025-06-17 15:56:51,
501003,654271,22,active,528.0,2023-04-12 20:23:13,
501004,247003,28,active,672.0,2023-03-17 10:14:50,
501005,280034,8,active,96.0,2025-02-15 09:55:48,
501006,729870,11,active,264.0,2025-05-27 15:39:49,
501007,862941,16,active,384.0,2025-01-17 14:33:44,
501008,564779,3,active,36.0,2025-04-09 21:02:20,
501009,834134,3,active,36.0,2023-12-08 10:51:18,
501010,621013,3,active,36.0,2025-09-25 11:24:38,
501011,189580,9,active,108.0,2024-08-18 09:11:21,
501012,287710,89,active,3916.0,2024-05-11 13:18:05,
501013,621112,101,active,4444.0,2025-01-23 15:37:04,
501014,838808,32,active,768.0,2023-06-08 08:37:29,
501015,216530,7,active,84.0,2024-04-22 07:17:41,
501016,714944,31,active,744.0,2023-07-01 16:59:29,
501017,460814,3,active,36.0,2023-05-09 13:46:34,
501018,704625,25,active,600.0,2024-10-05 15:18:45,
501019,895559,30,active,720.0,2025-02-25 08:52:00,
501020,954668,18,active,432.0,2024-12-05 19:10:27,
501021,565930,28,active,672.0,2025-07-29 10:15:55,
501022,632926,44,active,1056.0,2025-08-06 14:32:51,
501023,537253,3,active,36.0,2025-08-27 08:44:39,
501024,785078,6,active,72.0,2023-07-30 19:17:42,
501025,395222,8,active,192.0,2024-08-08 09:38:35,
501026,196541,3,active,36.0,2024-07-12 15:21:41,
501027,822666,30,active,720.0,2025-07-03 15:21:24,
501028,990741,5,active,60.0,2025-05-28 17:33:35,
501029,982749,6,active,72.0,2023-02-21 14:16:00,
501030,170008,47,active,2068.0,2025-01-30 09:01:14,
501031,245051,13,active,312.0,2025-06-05 08:11:05,
501032,757526,4,active,48.0,2024-09-30 09:33:24,
501033,744158,25,active,1100.0,2024-03-23 19:53:15,
501034,383211,35,active,840.0,2023-07-07 23:12:04,
501035,558167,39,active,1716.0,2025-09-16 08:14:13,
501036,634053,60,active,2640.0,2023-03-02 14:24:21,
501037,796619,19,active,456.0,2024-03-24 14:31:12,
501038,181128,24,active,576.0,2023-09-16 08:23:39,
501039,987167,21,active,504.0,2024-01-29 14:11:27,
501040,301453,5,active,60.0,2025-05-05 13:01:16,
501041,618342,89,active,3916.0,2023-05-26 11:43:41,
501042,787646,26,active,624.0,2023-06-18 10:25:47,
501043,149208,4,active,48.0,2024-05-12 15:56:19,
501044,739213,6,active,72.0,2025-01-16 09:39:48,
501045,411362,7,active,84.0,2023-11-21 15:00:33,
501046,196847,63,active,2772.0,2024-08-26 06:02:58,
501047,739739,3,active,36.0,2023-08-08 09:21:21,
501048,961788,3,active,36.0,2024-11-03 13:09:30,
501049,349808,17,active,408.0,2024-01-26 14:23:34,
501050,549976,45,active,1980.0,2025-03-08 13:12:55,
501051,580435,25,active,600.0,2023-08-24 16:06:53,
501052,351485,1,active,12.0,2023-08-25 14:25:55,
501053,692735,8,active,96.0,2024-09-04 16:04:53,
501054,733368,4,active,48.0,2024-08-12 11:13:44,
501055,310019,52,active,2288.0,2025-09-16 14:00:14,
501056,854467,30,active,720.0,2024-05-14 09:21:07,
501057,278870,4,active,48.0,2024-12-31 09:55:06,
501058,250089,3,active,36.0,2023-04-05 11:23:45,
501059,462096,81,active,3564.0,2024-11-16 10:26:32,
501060,486520,3,active,36.0,2025-07-27 06:07:50,
501061,944315,37,active,1628.0,2023-09-25 17:42:40,
501062,952233,24,active,576.0,2024-05-31 10:30:51,
501063,482349,7,active,84.0,2023-03-02 17:31:57,
501064,511879,29,active,696.0,2025-05-19 20:59:03,
501065,662010,4,active,48.0,2024-08-01 08:00:11,
501066,208561,8,active,96.0,2023-01-09 09:07:09,
501067,977420,2,active,24.0,2025-08-26 13:56:35,
501068,515850,5,active,60.0,2023-05-20 07:42:33,
501069,791209,7,active,84.0,2025-05-09 17:09:31,
501070,182485,12,active,144.0,2024-04-23 17:14:29,
501071,462638,137,active,6028.0,2023-08-28 12:44:22,
501072,356856,7,active,84.0,2023-11-16 15:01:09,
501073,145787,27,active,648.0,2023-10-22 14:13:27,
501074,175177,3,active,36.0,2025-02-07 20:46:52,
501075,390602,18,active,432.0,2024-02-08 21:43:27,
501076,516809,27,active,648.0,2024-04-12 02:46:09,
501077,119546,6,active,72.0,2023-01-23 09:24:57,
501078,692089,31,active,744.0,2025-07-11 11:06:04,
501079,599218,126,active,5544.0,2023-05-19 14:30:39,
501080,661816,16,active,384.0,2023-10-21 09:42:38,
501081,729073,24,active,576.0,2025-09-01 14:33:07,
501082,913140,11,active,132.0,2023-04-03 10:13:50,
501083,704101,28,active,672.0,2024-01-04 11:12:50,
501084,978965,26,active,624.0,2024-12-28 11:13:23,
501085,375756,25,active,600.0,2023-10-11 16:11:27,
501086,155975,36,active,864.0,2023-01-17 09:52:06,
501087,896894,36,active,1584.0,2025-07-07 15:27:16,
501088,600806,6,active,72.0,2024-07-29 15:44:56,
501089,404963,25,active,600.0,2023-11-22 08:44:37,
501090,399545,8,active,96.0,2024-03-01 14:27:40,
501091,425690,3,active,36.0,2023-07-21 08:08:39,
501092,836465,10,active,240.0,2025-06-14 07:14:13,
501093,444827,3,active,36.0,2024-05-31 07:49:20,
501094,353738,35,active,840.0,2024-04-11 06:30:56,
501095,593883,3,active,36.0,2025-05-13 16:31:50,
501096,232421,35,active,840.0,2025-03-18 10:01:29,
501097,798586,103,active,4532.0,2024-10-15 12:41:06,
501098,224336,3,active,36.0,2023-11-28 06:35:34,
501099,170902,3,active,36.0,2023-05-29 09:15:11,
501100,292435,35,active,840.0,2024-12-18 20:22:02,
501101,346678,17,active,408.0,2025-05-12 20:56:23,
501102,515718,17,active,408.0,2023-07-23 07:57:39,
501103,475777,4,active,48.0,2025-08-09 15:42:10,
501104,991572,15,active,360.0,2023-08-07 08:31:00,
501105,550331,5,active,60.0,2023-08-27 10:19:09,
501106,316635,31,active,744.0,2023-12-19 12:41:07,
501107,983961,20,active,480.0,2025-06-06 10:14:29,
501108,111647,100,active,7900.0,2023-02-09 10:12:57,
501109,856439,6,active,72.0,2023-06-13 16:45:21,
501110,826663,56,active,2464.0,2023-12-01 13:06:27,
501111,491257,28,active,672.0,2023-05-29 12:50:57,
501112,624539,3,active,36.0,2024-04-13 21:26:41,
501113,355983,11,active,264.0,2024-10-27 11:11:33,
501114,517173,8,active,192.0,2023-09-08 08:17:27,
501115,618509,25,active,600.0,2023-07-14 15:41:43,
501116,674609,6,active,72.0,2024-06-29 11:30:59,
501117,182564,5,active,60.0,2023-05-29 19:25:32,
501118,452579,8,active,96.0,2023-04-28 09:37:18,
501119,364714,8,active,96.0,2023-09-28 17:15:33,
501120,140321,18,active,432.0,2024-04-26 08:47:40,
501121,170254,27,active,648.0,2023-02-27 08:23:45,
501122,302271,106,active,4664.0,2025-03-20 14:52:58,
501123,533010,12,active,288.0,2024-08-22 19:45:49,
501124,267533,35,active,840.0,2024-10-05 08:09:41,
501125,850797,7,active,84.0,2024-04-19 13:42:58,
501126,473143,9,active,108.0,2023-08-24 21:55:35,
501127,757620,202,active,15958.0,2023-07-26 09:45:42,
501128,872833,3,active,36.0,2023-05-08 13:48:58,
501129,870010,11,active,264.0,2024-03-10 10:19:56,
501130,663216,17,active,408.0,2023-12-21 10:24:47,
501131,775589,35,active,840.0,2025-03-01 14:21:26,
501132,400628,3,active,36.0,2024-03-02 14:32:57,
501133,746335,4,active,48.0,2025-08-02 03:39:16,
501134,179746,3,active,36.0,2024-01-26 09:01:23,
501135,889010,10,active,240.0,2024-11-21 09:18:13,
501136,876153,5,active,60.0,2025-03-09 16:09:37,
501137,236797,4,active,48.0,2025-04-11 20:39:09,
501138,805850,18,active,432.0,2023-10-14 13:04:05,
501139,557850,99,active,4356.0,2023-10-25 12:10:44,
501140,891033,10,active,120.0,2024-10-08 08:29:57,
501141,209357,3,active,36.0,2025-09-09 17:27:04,
501142,359909,27,active,648.0,2025-02-10 12:11:26,
501143,776288,23,active,552.0,2023-08-30 08:06:29,
501144,129145,31,active,744.0,2023-09-24 18:58:09,
501145,241116,4,active,48.0,2023-05-11 03:48:25,
501146,910761,68,active,2992.0,2025-01-19 11:04:41,
501147,188341,7,active,84.0,2024-03-18 15:44:55,
501148,323646,29,active,696.0,2024-02-01 11:46:03,
501149,108657,25,active,600.0,2025-04-11 07:55:39,
501150,557608,31,active,744.0,2025-08-13 07:43:44,
501151,516677,10,active,240.0,2025-08-24 17:26:28,
501152,189198,1,active,12.0,2024-02-20 08:37:28,
501153,114026,7,active,84.0,2025-06-21 15:48:48,
501154,416221,91,active,4004.0,2023-05-16 02:28:53,
501155,560307,3,active,36.0,2024-05-31 09:44:59,
501156,379292,76,active,3344.0,2023-02-14 08:12:37,
501157,731867,32,active,768.0,2025-05-01 17:39:46,
501158,295860,6,active,72.0,2024-03-15 09:18:40,
501159,125807,25,active,600.0,2024-06-03 16:24:58,
501160,734573,26,active,624.0,2023-02-09 09:04:09,
501161,154626,27,active,648.0,2023-12-09 14:44:55,
501162,435506,18,active,432.0,2024-08-21 15:30:52,
501163,361379,35,active,840.0,2024-01-17 08:00:39,
501164,393626,28,active,672.0,2024-06-19 08:01:58,
501165,597746,6,active,72.0,2025-04-23 09:05:36,
501166,153122,4,active,48.0,2023-05-11 08:10:39,
501167,201820,75,active,3300.0,2024-11-01 15:39:47,
501168,353111,24,active,576.0,2024-05-25 23:54:13,
501169,797764,8,active,96.0,2024-09-14 16:41:56,
501170,604126,4,active,48.0,2025-03-25 07:46:46,
501171,848451,23,active,552.0,2025-03-17 14:29:09,
501172,376850,4,active,48.0,2023-10-25 18:25:10,
501173,968217,7,active,84.0,2023-09-07 05:47:33,
501174,943858,19,active,456.0,2023-10-24 08:23:27,
501175,975101,5,active,60.0,2025-01-18 13:19:52,
501176,580725,3,active,36.0,2025-01-02 10:35:37,
501177,513019,10,active,240.0,2024-08-29 08:11:35,
501178,343808,6,active,72.0,2024-06-19 22:37:48,
501179,183180,15,active,360.0,2023-01-09 14:45:52,
501180,139506,4,active,48.0,2025-05-06 10:46:21,
501181,114128,3,active,36.0,2023-01-12 10:33:57,
501182,314615,6,active,72.0,2023-09-22 12:59:58,
501183,893484,20,active,480.0,2023-08-08 09:05:17,
501184,914638,7,active,84.0,2025-06-27 15:49:27,
501185,310258,4,active,48.0,2023-07-29 13:49:00,
501186,192010,73,active,3212.0,2025-08-22 13:53:30,
501187,618152,38,active,1672.0,2025-08-29 15:01:17,
501188,791336,21,active,504.0,2023-12-08 11:40:55,
501189,603274,3,active,36.0,2024-04-30 16:47:16,
501190,504630,11,active,264.0,2025-07-24 14:03:41,
501191,847561,7,active,84.0,2024-10-08 12:07:29,
501192,970778,25,active,600.0,2024-11-13 12:14:19,
501193,197488,17,active,408.0,2024-01-19 13:45:23,
501194,693331,3,active,36.0,2023-08-10 09:04:53,
501195,597040,6,active,72.0,2024-02-24 07:10:37,
501196,284692,36,active,864.0,2025-05-20 11:29:34,
501197,917868,6,active,72.0,2025-09-23 12:23:25,
501198,133243,2,active,24.0,2025-09-21 20:50:11,
501199,928274,20,active,480.0,2023-04-28 01:31:17,
501200,153452,8,active,96.0,2025-02-16 12:22:01,
